{"lr-AdamW": 0.00040006000000000004, "trainer/global_step": 6299, "_timestamp": 1737986594.3337073, "_runtime": 614.4809472560883, "_step": 253, "train_loss": 5.614887237548828, "epoch": 2, "val_acc": 0.008425328880548477, "val_loss": 6.326143741607666}