{"lr-AdamW": 1.0000000000000001e-07, "trainer/global_step": 1699, "_timestamp": 1737985355.5578742, "_runtime": 449.0767343044281, "_step": 67, "train_loss": 7.219841957092285, "epoch": 0}